{
  "metrics": {
    "accuracy": 0.9,
    "precision_weighted": 0.9023569023569024,
    "recall_weighted": 0.9,
    "f1_weighted": 0.8997493734335839,
    "precision_setosa": 1.0,
    "recall_setosa": 1.0,
    "precision_versicolor": 0.8181818181818182,
    "recall_versicolor": 0.9,
    "precision_virginica": 0.8888888888888888,
    "recall_virginica": 0.8
  },
  "predictions": [
    0,
    2,
    1,
    1,
    0,
    1,
    0,
    0,
    2,
    1,
    2,
    2,
    2,
    1,
    0,
    0,
    0,
    1,
    1,
    1,
    0,
    2,
    1,
    1,
    2,
    2,
    1,
    0,
    2,
    0
  ],
  "probabilities": [
    [
      1.0,
      0.0,
      0.0
    ],
    [
      0.0,
      0.14,
      0.86
    ],
    [
      0.0,
      0.81,
      0.19
    ],
    [
      0.0,
      0.93,
      0.07
    ],
    [
      1.0,
      0.0,
      0.0
    ],
    [
      0.0,
      0.91,
      0.09
    ],
    [
      1.0,
      0.0,
      0.0
    ],
    [
      1.0,
      0.0,
      0.0
    ],
    [
      0.0,
      0.0,
      1.0
    ],
    [
      0.01,
      0.9,
      0.09
    ],
    [
      0.0,
      0.0,
      1.0
    ],
    [
      0.0,
      0.0,
      1.0
    ],
    [
      0.0,
      0.0,
      1.0
    ],
    [
      0.0,
      0.98,
      0.02
    ],
    [
      1.0,
      0.0,
      0.0
    ],
    [
      1.0,
      0.0,
      0.0
    ],
    [
      0.97,
      0.03,
      0.0
    ],
    [
      0.0,
      1.0,
      0.0
    ],
    [
      0.0,
      1.0,
      0.0
    ],
    [
      0.0,
      0.53,
      0.47
    ],
    [
      1.0,
      0.0,
      0.0
    ],
    [
      0.0,
      0.0,
      1.0
    ],
    [
      0.0,
      1.0,
      0.0
    ],
    [
      0.0,
      0.5,
      0.5
    ],
    [
      0.0,
      0.0,
      1.0
    ],
    [
      0.0,
      0.01,
      0.99
    ],
    [
      0.0,
      1.0,
      0.0
    ],
    [
      0.95,
      0.05,
      0.0
    ],
    [
      0.0,
      0.0,
      1.0
    ],
    [
      1.0,
      0.0,
      0.0
    ]
  ],
  "confusion_matrix": [
    [
      10,
      0,
      0
    ],
    [
      0,
      9,
      1
    ],
    [
      0,
      2,
      8
    ]
  ],
  "classification_report": {
    "0": {
      "precision": 1.0,
      "recall": 1.0,
      "f1-score": 1.0,
      "support": 10.0
    },
    "1": {
      "precision": 0.8181818181818182,
      "recall": 0.9,
      "f1-score": 0.8571428571428571,
      "support": 10.0
    },
    "2": {
      "precision": 0.8888888888888888,
      "recall": 0.8,
      "f1-score": 0.8421052631578947,
      "support": 10.0
    },
    "accuracy": 0.9,
    "macro avg": {
      "precision": 0.9023569023569024,
      "recall": 0.9,
      "f1-score": 0.899749373433584,
      "support": 30.0
    },
    "weighted avg": {
      "precision": 0.9023569023569024,
      "recall": 0.9,
      "f1-score": 0.8997493734335839,
      "support": 30.0
    }
  }
}